Qtd_Retangulos,Greedy_Verts,Greedy_Rects,Greedy_Rects_and_Verts,Greedy_Neighbors,Constraints Propagation,Constraint Programming,Integer Programming,Dynamic Programming,Extended Solution (D=1),Extended Solution (D=2)
1,1,1,1,1,1,1,1,1,1,1
1,1,1,1,1,1,1,1,1,1,1
1,1,1,1,1,1,1,1,1,1,1
1,1,1,1,1,1,1,1,1,1,1
1,1,1,1,1,1,1,1,1,1,1
1,1,1,1,1,1,1,1,1,1,1
1,1,1,1,1,1,1,1,1,1,1
1,1,1,1,1,1,1,1,1,1,1
1,1,1,1,1,1,1,1,1,1,1
1,1,1,1,1,1,1,1,1,1,1
2,1,2,1,1,1,1,1,1,1,1
2,1,2,1,1,1,1,1,1,1,1
2,1,1,1,1,1,1,1,1,1,1
2,1,2,1,1,1,1,1,1,1,1
2,1,1,1,1,1,1,1,1,1,1
2,1,1,1,1,1,1,1,1,1,1
2,1,1,1,1,1,1,1,1,1,1
2,1,1,1,1,1,1,1,1,1,1
2,1,2,1,1,1,1,1,1,1,1
2,1,2,1,1,1,1,1,1,1,1
3,2,2,2,2,2,2,2,2,2,1
3,2,2,2,2,2,2,2,2,2,1
3,2,2,2,2,2,2,2,2,2,1
3,1,1,1,1,1,1,1,1,1,1
3,2,2,2,2,2,2,2,2,2,1
3,1,1,1,1,1,1,1,1,1,1
3,2,2,2,2,2,2,2,2,2,1
3,1,1,1,1,1,1,1,1,1,1
3,2,2,2,2,2,2,2,2,2,1
3,2,2,2,2,2,2,2,2,2,1
4,2,3,2,2,2,2,2,2,2,1
4,2,2,2,2,2,2,2,2,2,1
4,2,2,2,2,2,2,2,2,2,1
4,2,3,2,2,2,2,2,2,2,1
4,2,3,2,2,2,2,2,2,2,1
4,2,2,2,2,2,2,2,2,2,1
4,2,2,2,2,2,2,2,2,2,1
4,2,2,2,2,2,2,2,2,2,1
4,2,2,2,2,2,2,2,2,2,1
4,2,3,2,2,2,2,2,2,2,1
5,3,3,3,3,3,3,3,3,3,2
5,3,3,3,3,3,3,3,3,3,2
5,2,2,2,2,2,2,2,2,2,1
5,2,4,2,2,2,2,2,2,2,1
5,2,2,2,2,2,2,2,2,2,1
5,2,2,2,2,2,2,2,2,2,1
5,3,3,3,3,3,3,3,3,3,2
5,2,2,2,2,2,2,2,2,2,1
5,2,2,2,2,2,2,2,2,2,1
5,2,2,2,2,2,2,2,2,2,1
6,3,4,3,3,3,3,3,3,3,2
6,3,3,3,3,3,3,3,3,3,1
6,3,3,3,3,3,3,3,3,3,1
6,2,3,2,2,2,2,2,2,2,1
6,3,3,3,3,3,3,3,3,3,1
6,3,3,3,3,3,3,3,3,3,1
6,3,3,2,2,2,2,2,2,2,1
6,3,3,3,3,3,3,3,3,3,1
6,3,3,3,3,3,3,3,3,3,1
6,2,2,2,2,2,2,2,2,2,1
7,3,4,3,3,3,3,3,3,3,2
7,4,3,3,3,3,3,3,3,3,1
7,4,3,3,3,3,3,3,3,3,1
7,3,4,3,3,3,3,3,3,3,1
7,3,4,4,4,3,3,3,3,3,2
7,4,3,3,3,3,3,3,3,3,1
7,3,5,3,3,3,3,3,3,3,1
7,3,3,3,3,3,3,3,3,3,1
7,4,3,3,3,3,3,3,3,3,1
7,4,5,4,4,4,4,4,4,4,2
8,3,5,3,3,3,3,3,3,3,2
8,3,3,3,3,3,3,3,3,3,1
8,3,3,3,3,3,3,3,3,3,1
8,3,3,3,3,3,3,3,3,3,1
8,4,4,4,4,4,4,4,4,4,1
8,4,4,3,3,3,3,3,3,3,1
8,3,3,3,3,3,3,3,3,3,2
8,3,4,3,3,4,3,3,3,3,1
8,3,3,3,3,3,3,3,3,3,1
8,3,5,3,3,4,3,3,3,3,2
9,4,6,4,4,4,4,4,4,4,2
9,5,5,4,4,4,4,4,4,4,2
9,3,4,4,4,4,3,3,3,3,1
9,4,6,4,4,4,4,4,4,4,2
9,4,4,4,4,4,4,4,4,4,1
9,3,4,3,3,3,3,3,3,3,1
9,4,6,4,4,4,4,4,4,4,2
9,3,4,4,4,3,3,3,3,3,1
9,3,4,3,3,3,3,3,3,3,1
9,3,4,3,3,3,3,3,3,3,1
10,5,4,4,4,5,4,4,4,4,1
10,5,5,4,4,4,4,4,4,4,2
10,4,5,4,4,4,4,4,4,4,1
10,4,5,4,4,4,4,4,4,4,2
10,5,5,5,5,5,5,5,5,5,1
10,5,5,5,5,5,4,4,4,4,1
10,5,6,5,5,5,5,5,5,5,2
10,4,7,4,4,4,4,4,4,4,2
10,5,5,4,4,4,4,4,4,4,2
10,5,6,4,4,4,4,4,4,4,2
11,5,4,4,4,5,4,4,4,4,2
11,5,5,4,4,4,4,4,4,4,2
11,5,4,4,4,5,4,4,4,4,2
11,4,5,4,4,5,4,4,4,4,1
11,5,5,4,4,4,4,4,4,4,1
11,4,6,4,4,4,4,4,4,4,1
11,5,6,5,5,5,5,5,5,5,2
11,5,5,5,5,4,4,4,4,4,2
11,5,4,4,4,4,4,4,4,4,2
11,4,7,5,5,4,4,4,4,4,2
12,5,5,5,5,5,5,5,5,5,2
12,5,7,5,5,5,5,5,5,5,2
12,5,5,5,5,5,5,5,5,5,2
12,5,6,5,5,5,5,5,5,5,2
12,4,5,5,5,5,4,4,4,4,2
12,4,6,5,5,4,4,4,4,4,2
12,5,5,5,5,5,5,5,5,5,2
12,4,4,4,4,4,4,4,4,4,2
12,5,5,5,5,5,5,5,5,5,2
12,5,6,5,5,5,5,5,5,5,2
13,6,8,5,5,5,5,5,5,5,2
13,5,7,6,6,5,5,5,5,5,2
13,6,8,6,6,6,6,6,6,6,2
13,6,8,6,6,6,6,6,6,6,2
13,6,9,6,6,5,5,5,5,5,2
13,6,6,6,6,6,6,6,6,6,2
13,5,5,5,5,5,5,5,5,5,2
13,6,7,6,6,6,5,5,5,5,1
13,5,5,5,5,5,5,5,5,5,2
13,5,7,5,5,6,5,5,5,5,1
14,6,7,6,6,6,6,6,6,6,2
14,6,6,6,6,5,5,5,5,5,2
14,5,8,5,5,30,5,5,5,5,2
14,6,6,5,5,5,5,5,5,5,2
14,6,6,6,6,6,6,6,6,6,2
14,5,6,5,5,5,5,5,5,5,2
14,5,6,6,6,5,5,5,5,5,2
14,6,5,5,5,5,5,5,5,5,2
14,6,6,6,6,6,6,6,6,6,2
14,6,6,6,6,6,6,6,6,6,2
15,6,7,6,6,6,6,6,6,6,2
15,6,6,6,6,6,6,6,6,6,2
15,6,7,6,6,6,6,6,6,6,2
15,7,9,7,7,6,6,6,6,6,2
15,6,6,6,6,7,6,6,6,6,2
15,7,6,6,6,6,6,6,6,6,2
15,6,7,6,6,6,6,6,6,6,3
15,5,7,5,5,5,5,5,5,5,2
15,6,8,6,6,5,5,5,5,5,2
15,7,7,6,6,6,6,6,6,6,2
16,6,7,7,7,6,6,6,6,6,2
16,7,7,6,6,6,6,6,6,6,2
16,7,7,6,6,6,6,6,6,6,2
16,7,6,6,6,6,6,6,6,6,2
16,8,10,7,7,7,7,7,7,7,3
16,7,7,6,6,6,6,6,6,6,2
16,7,8,6,6,7,6,6,6,6,3
16,7,9,7,7,6,6,6,6,6,2
16,6,9,6,6,6,6,6,6,6,2
16,6,8,6,6,6,6,6,6,6,2
17,8,10,8,8,7,7,7,7,7,3
17,7,8,7,7,6,6,6,6,6,2
17,8,8,7,7,6,6,6,6,6,2
17,8,9,8,8,7,7,7,7,7,2
17,6,6,6,6,6,6,6,6,6,2
17,8,8,7,7,7,7,7,7,7,2
17,7,8,7,7,7,6,6,6,6,2
17,6,11,7,7,6,6,6,6,6,1
17,6,8,7,7,7,6,6,6,6,2
17,6,8,7,7,6,6,6,6,6,2
18,7,8,7,7,7,7,7,7,7,2
18,8,9,7,7,8,7,7,7,7,2
18,9,9,8,8,8,8,8,8,8,1
18,9,9,8,8,38,8,8,8,8,2
18,8,9,7,7,7,7,7,7,7,2
18,7,7,7,7,7,7,7,7,7,2
18,8,8,8,8,7,7,7,7,7,3
18,6,7,7,7,7,6,6,6,6,2
18,9,9,8,8,7,7,7,7,7,2
18,7,9,7,7,7,6,6,6,6,2
19,9,10,7,7,7,7,7,7,7,3
19,8,8,7,7,7,7,7,7,7,2
19,7,9,8,8,7,7,7,7,7,2
19,8,8,8,8,7,7,7,7,7,2
19,7,10,8,8,7,7,7,7,7,2
19,7,8,8,8,7,7,7,7,7,2
19,8,8,8,8,8,7,7,7,7,2
19,8,10,9,9,7,7,7,7,7,2
19,7,9,8,8,7,7,7,7,7,2
19,8,10,8,8,8,8,8,8,8,2
20,9,11,9,9,9,8,8,8,8,2
20,8,10,8,8,9,8,8,8,8,2
20,8,10,7,7,8,7,7,7,7,3
20,9,9,9,9,8,8,8,8,8,3
20,7,9,7,7,8,7,7,7,7,3
20,8,10,8,8,8,7,7,7,7,2
20,10,10,8,8,7,7,7,7,7,2
20,9,10,8,8,8,8,8,8,8,2
20,8,10,8,8,42,7,7,7,7,2
20,8,11,8,8,8,8,8,8,8,3
21,9,12,9,9,8,8,8,8,8,3
21,9,10,10,10,9,8,8,8,8,3
21,9,11,9,9,8,8,8,8,8,2
21,8,10,8,8,8,8,8,8,8,3
21,8,10,9,9,8,8,8,8,8,3
21,8,9,9,9,8,8,8,8,8,3
21,9,10,8,8,8,8,8,8,8,3
21,9,11,9,9,8,8,8,8,8,2
21,8,10,8,8,8,7,7,7,7,2
21,8,10,8,8,8,8,8,8,8,3
22,9,12,10,10,8,8,8,8,8,3
22,9,10,9,9,8,8,8,8,8,3
22,10,9,9,9,9,8,8,8,8,3
22,8,11,8,8,8,8,8,8,8,3
22,9,11,9,9,10,9,9,9,9,3
22,8,10,8,8,46,8,8,8,8,2
22,10,9,8,8,8,8,8,8,8,2
22,8,10,9,9,8,8,8,8,8,3
22,9,11,9,9,9,8,8,8,8,2
22,9,10,9,9,8,8,8,8,8,2
23,10,10,10,10,9,9,9,9,9,3
23,9,10,8,8,8,8,8,8,8,3
23,9,12,9,9,9,9,9,9,9,2
23,9,11,10,10,8,8,8,8,8,3
23,9,11,9,9,8,8,8,8,8,3
23,10,12,9,9,8,8,8,8,8,2
23,10,11,9,9,8,8,8,8,8,2
23,10,11,9,9,8,8,8,8,8,3
23,9,11,10,10,9,8,8,8,8,3
23,9,10,8,8,8,8,8,8,8,2
24,10,14,10,10,10,10,10,0,10,3
24,10,11,9,9,9,9,9,0,9,3
24,9,11,10,10,9,9,9,0,9,3
24,10,12,10,10,9,9,9,0,9,2
24,10,13,10,10,9,9,9,0,9,2
24,10,12,9,9,50,9,9,0,9,2
24,10,13,9,9,9,9,9,0,9,2
24,10,13,11,11,9,9,9,0,9,3
24,9,12,10,10,9,9,9,0,9,2
24,9,11,9,9,9,9,9,0,9,2
25,10,11,10,10,10,9,9,0,9,3
25,11,13,11,11,9,9,9,0,9,3
25,10,12,10,10,9,9,9,0,9,3
25,9,10,10,10,52,9,9,0,9,3
25,10,12,11,11,9,9,9,0,9,3
25,10,13,10,10,9,9,9,0,9,3
25,11,11,10,10,10,10,10,0,10,3
25,10,13,11,11,10,10,10,0,10,3
25,9,11,9,9,9,9,9,0,9,3
25,9,12,10,10,9,9,9,0,9,3
26,10,13,11,11,10,10,10,0,10,3
26,10,12,11,11,10,9,9,0,9,3
26,10,12,10,10,10,9,9,0,9,3
26,10,13,10,10,10,9,9,0,9,3
26,11,12,10,10,9,9,9,0,9,3
26,11,12,11,11,9,9,9,0,9,3
26,10,12,9,9,9,9,9,0,9,3
26,11,12,10,10,54,9,9,0,9,3
26,12,10,10,10,10,9,9,0,9,3
26,10,12,10,10,10,9,9,0,9,3
27,11,13,11,11,10,10,10,0,10,3
27,11,13,11,11,9,9,9,0,9,3
27,11,13,10,10,10,10,10,0,10,3
27,10,13,11,11,10,10,10,0,10,3
27,11,13,10,10,10,10,10,0,10,3
27,9,11,10,10,9,9,9,0,9,3
27,12,13,11,11,10,10,10,0,10,3
27,10,14,11,11,10,10,10,0,10,3
27,11,14,11,11,10,10,10,0,10,2
27,12,13,11,11,56,10,10,0,10,3
28,12,13,12,12,11,10,10,0,10,3
28,12,15,11,11,10,10,10,0,10,3
28,11,16,12,12,11,11,11,0,11,4
28,10,14,11,11,11,10,10,0,10,3
28,11,14,11,11,10,10,10,0,10,3
28,11,14,13,12,12,11,11,0,11,3
28,11,14,11,11,11,11,11,0,11,3
28,11,13,11,11,11,10,10,0,10,3
28,10,12,12,11,10,10,10,0,10,3
28,11,15,11,11,11,11,11,0,11,3
29,11,14,12,11,10,10,10,0,10,3
29,12,14,11,11,11,11,11,0,11,3
29,11,13,13,13,60,11,11,0,11,3
29,11,15,11,11,10,10,10,0,10,3
29,12,15,11,11,10,10,10,0,10,3
29,14,15,12,12,60,11,11,0,11,3
29,10,13,11,11,10,10,10,0,10,3
29,11,13,11,11,11,10,10,0,10,3
29,12,14,12,12,11,11,11,0,11,3
29,11,13,12,12,10,10,10,0,10,3
30,12,14,11,11,11,11,11,0,11,3
30,11,14,11,11,11,10,10,0,10,4
30,11,16,11,11,10,10,10,0,10,3
30,12,16,13,13,11,11,11,0,11,3
30,11,14,11,11,11,11,11,0,11,3
30,12,14,12,12,11,11,11,0,11,4
30,12,15,11,11,11,10,10,0,10,3
30,12,12,12,12,11,11,11,0,11,4
30,12,15,12,12,12,11,11,0,11,3
30,12,15,11,11,11,11,11,0,11,3
31,12,14,13,13,11,11,11,0,11,3
31,14,17,14,13,64,12,12,0,12,4
31,12,13,12,12,11,11,11,0,11,3
31,12,16,13,13,12,11,11,0,11,3
31,11,13,11,11,11,11,11,0,11,3
31,12,15,13,13,64,11,11,0,11,3
31,12,15,12,12,11,11,11,0,11,3
31,12,14,13,12,12,11,11,0,11,3
31,12,12,12,12,11,11,11,0,11,3
31,13,14,12,12,11,11,11,0,11,3
32,12,12,12,12,12,11,11,0,11,4
32,14,15,14,14,13,12,12,0,12,4
32,13,16,12,12,12,11,11,0,11,3
32,12,15,12,12,12,11,11,0,11,3
32,13,14,13,13,12,12,12,0,12,3
32,13,17,12,12,12,12,12,0,12,3
32,12,16,14,14,11,11,11,0,11,3
32,12,17,13,13,11,11,11,0,11,3
32,12,14,13,13,12,12,12,0,12,4
32,12,15,13,13,66,12,12,0,12,3
33,13,16,13,13,68,13,13,0,13,3
33,13,17,13,13,12,12,12,0,12,4
33,13,16,13,13,12,12,12,0,12,3
33,13,16,12,12,68,12,12,0,12,3
33,13,16,13,13,68,13,13,0,13,3
33,14,15,15,15,12,12,12,0,12,4
33,13,17,13,13,12,12,12,0,12,4
33,14,17,13,13,12,12,12,0,12,4
33,13,16,13,13,12,12,12,0,12,4
33,13,14,13,13,13,12,12,0,12,4
34,14,16,13,13,13,12,12,0,12,4
34,14,17,13,13,12,12,12,0,12,3
34,14,16,13,13,13,12,12,0,12,3
34,14,17,14,14,70,13,13,0,13,3
34,13,16,13,13,70,13,13,0,13,4
34,13,15,13,13,70,13,13,0,13,4
34,13,17,14,14,12,12,12,0,12,3
34,13,16,13,13,12,12,12,0,12,3
34,14,17,15,15,12,12,12,0,12,4
34,15,14,13,14,12,12,12,0,12,4
35,12,17,12,12,12,12,12,0,12,4
35,15,17,16,15,13,13,13,0,13,3
35,15,15,15,15,13,12,12,0,12,3
35,13,17,14,14,13,13,13,0,13,3
35,16,18,16,16,13,13,13,0,13,4
35,14,16,13,13,13,13,13,0,13,4
35,13,16,14,14,12,12,12,0,12,4
35,13,16,14,14,13,12,12,0,12,4
35,16,17,13,13,12,12,12,0,12,3
35,13,15,13,13,13,12,12,0,12,4
36,14,17,14,14,14,13,13,0,13,4
36,15,18,15,15,74,13,13,0,13,3
36,15,16,14,14,74,13,13,0,13,3
36,16,18,15,15,74,14,14,0,14,3
36,14,15,13,13,13,12,12,0,12,4
36,15,18,13,13,74,13,13,0,13,4
36,14,17,15,15,13,12,12,0,12,4
36,15,20,15,15,13,13,13,0,13,4
36,15,19,15,14,13,12,12,0,12,4
36,15,15,14,14,13,13,13,0,13,4
37,16,18,14,14,13,13,13,0,13,4
37,14,19,14,14,76,13,13,0,13,4
37,16,19,15,15,76,13,13,0,13,3
37,16,17,15,15,76,13,13,0,13,3
37,14,19,15,15,13,13,13,0,13,4
37,14,18,15,15,13,13,13,0,13,4
37,15,18,13,13,13,13,13,0,13,4
37,14,17,14,14,13,13,13,0,13,4
37,15,19,14,14,13,13,13,0,13,4
37,15,17,15,15,13,13,13,0,13,4
38,14,18,15,15,13,13,13,0,13,4
38,15,17,14,14,14,14,14,0,14,4
38,15,18,16,16,15,13,13,0,13,4
38,16,21,15,15,14,13,13,0,13,4
38,17,15,14,14,14,13,13,0,13,5
38,15,18,15,15,14,13,13,0,13,4
38,16,19,15,15,78,13,13,0,13,3
38,16,19,15,15,14,14,14,0,14,4
38,15,20,16,16,14,14,14,0,14,4
38,16,18,16,16,78,15,15,0,15,4
39,16,17,15,15,14,14,14,0,14,4
39,15,20,15,15,80,14,14,0,14,4
39,15,18,14,14,14,13,13,0,13,4
39,15,18,15,15,14,14,14,0,14,3
39,15,17,15,15,14,14,14,0,14,5
39,15,20,16,16,14,14,14,0,14,5
39,15,17,15,15,14,14,14,0,14,4
39,16,18,16,16,14,14,14,0,14,4
39,15,17,16,16,14,14,14,0,14,4
39,16,20,15,15,14,14,14,0,14,4
40,15,18,16,16,14,14,14,0,14,4
40,15,20,15,15,14,14,14,0,14,4
40,16,19,17,17,14,14,14,0,14,3
40,16,19,15,15,14,14,14,0,14,4
40,16,17,15,15,15,14,14,0,14,5
40,16,20,17,17,14,14,14,0,14,3
40,16,18,17,17,14,14,14,0,14,3
40,17,20,15,15,14,14,14,0,14,4
40,16,20,17,17,15,15,15,0,15,4
40,15,20,15,15,14,14,14,0,14,4
41,16,17,15,15,15,14,14,0,14,4
41,16,21,16,16,15,15,15,0,15,4
41,17,21,16,15,14,14,14,0,14,4
41,15,20,18,17,14,14,14,0,14,4
41,15,18,16,16,14,14,14,0,14,5
41,16,21,15,15,15,15,15,0,15,4
41,18,21,16,16,15,14,14,0,14,4
41,16,20,19,19,15,14,14,0,14,5
41,16,19,16,16,15,14,14,0,14,4
41,17,21,17,16,15,14,14,0,14,4
42,17,20,16,16,15,15,15,0,15,5
42,17,20,17,17,15,15,15,0,15,4
42,16,19,17,17,15,14,14,0,14,4
42,18,22,16,16,15,14,14,0,14,4
42,16,19,16,16,15,14,14,0,14,4
42,16,17,16,16,15,14,14,0,14,4
42,17,20,16,16,15,15,15,0,15,4
42,17,19,16,16,15,14,14,0,14,4
42,18,21,18,18,16,15,15,0,15,5
42,16,21,17,17,15,15,15,0,15,4
43,16,22,17,17,16,15,15,0,15,5
43,16,20,16,16,16,15,15,0,15,4
43,17,21,17,17,15,15,15,0,15,4
43,18,23,17,17,16,16,16,0,16,4
43,19,21,16,16,88,16,16,0,16,4
43,18,21,17,17,16,15,15,0,15,4
43,17,20,17,17,88,16,16,0,16,4
43,18,20,17,17,15,15,15,0,15,4
43,19,18,17,17,16,15,15,0,15,5
43,17,19,17,17,15,15,15,0,15,4
44,17,20,18,18,16,16,16,0,16,5
44,19,20,18,18,17,17,17,0,17,4
44,17,23,16,16,16,15,15,0,15,5
44,17,20,17,17,17,15,15,0,15,4
44,18,20,17,17,15,15,15,0,15,4
44,17,20,17,17,16,15,15,0,15,5
44,19,21,17,17,15,15,15,0,15,4
44,18,23,18,18,16,16,16,0,16,4
44,17,24,17,17,15,15,15,0,15,4
44,16,20,18,18,15,15,15,0,15,4
45,18,22,18,18,16,16,16,0,16,5
45,18,21,19,19,17,16,16,0,16,4
45,18,24,16,16,16,16,16,0,16,4
45,20,24,19,19,18,17,17,0,17,5
45,17,20,18,18,92,17,17,0,17,4
45,17,21,16,16,16,16,16,0,16,5
45,18,21,16,16,92,16,16,0,16,4
45,19,21,17,17,16,16,16,0,16,5
45,16,22,18,18,16,16,16,0,16,4
45,18,21,18,18,16,16,16,0,16,5
46,19,21,17,17,16,16,16,0,16,4
46,20,22,18,18,16,16,16,0,16,4
46,18,23,18,18,17,16,16,0,16,5
46,19,23,18,18,94,16,16,0,16,4
46,19,22,18,18,17,16,16,0,16,4
46,18,23,17,17,17,17,17,0,17,4
46,19,20,18,18,17,16,16,0,16,4
46,18,22,18,18,17,16,16,0,16,4
46,18,22,19,19,17,16,16,0,16,4
46,19,24,18,18,17,17,17,0,17,4
47,18,22,20,20,17,17,17,0,17,4
47,19,22,18,18,17,17,17,0,17,5
47,19,21,19,19,17,17,17,0,17,5
47,20,26,18,18,96,18,18,0,18,4
47,19,21,18,18,16,16,16,0,16,4
47,21,20,19,19,17,16,16,0,16,4
47,18,20,17,17,17,16,16,0,16,5
47,19,22,18,18,16,16,16,0,16,4
47,19,21,17,17,96,17,17,0,17,5
47,18,23,18,18,17,16,16,0,16,4
48,19,24,18,18,16,16,16,0,16,5
48,19,24,20,20,98,18,18,0,18,4
48,18,26,19,19,98,17,17,0,17,4
48,18,23,21,19,17,17,17,0,17,4
48,20,26,19,18,18,17,17,0,17,5
48,20,24,19,19,18,17,17,0,17,5
48,19,23,19,19,17,17,17,0,17,4
48,20,23,19,19,98,18,18,0,18,5
48,20,21,18,18,17,17,17,0,17,4
48,20,22,20,20,98,18,18,0,18,4
49,18,25,19,19,17,17,17,0,17,5
49,21,25,20,20,100,18,18,0,18,5
49,21,24,19,19,17,17,17,0,17,4
49,19,24,21,21,17,17,17,0,17,5
49,21,25,19,18,100,17,17,0,17,4
49,19,21,20,20,17,17,17,0,17,4
49,20,22,19,19,17,17,17,0,17,5
49,19,23,19,19,100,17,17,0,17,5
49,19,23,20,20,17,17,17,0,17,5
49,18,27,19,19,17,17,17,0,17,4
50,19,23,19,19,17,17,17,0,17,5
50,20,26,19,19,102,19,19,0,19,5
50,20,24,20,20,102,18,18,0,18,5
50,20,22,18,18,18,17,17,0,17,5
50,21,24,20,20,102,18,18,0,18,4
50,19,25,21,21,102,18,18,0,18,5
50,19,22,19,19,18,17,17,0,17,5
50,18,25,20,20,19,17,17,0,17,5
50,20,27,19,19,102,18,18,0,18,4
50,19,26,19,19,17,17,17,0,17,5
51,21,24,20,20,17,17,17,0,17,5
51,20,25,20,20,104,19,19,0,19,5
51,20,27,20,20,104,18,18,0,18,4
51,20,24,21,20,17,17,17,0,17,5
51,19,25,20,20,18,18,18,0,18,5
51,20,23,19,19,17,17,17,0,17,5
51,21,22,20,20,104,18,18,0,18,5
51,20,25,21,21,104,19,19,0,19,4
51,21,25,20,20,18,18,18,0,18,5
51,21,23,20,20,18,17,17,0,17,5
52,20,25,19,19,19,18,18,0,18,5
52,22,27,22,22,106,18,18,0,18,4
52,20,24,21,21,20,18,18,0,18,6
52,19,26,19,19,19,19,19,0,19,5
52,21,24,21,21,18,18,18,0,18,5
52,21,28,20,20,106,19,19,0,19,4
52,21,22,20,20,19,19,19,0,19,5
52,21,27,21,21,19,18,18,0,18,5
52,20,24,21,21,106,19,19,0,19,5
52,20,25,20,20,18,18,18,0,18,5
53,21,25,22,22,18,18,18,0,18,5
53,22,28,22,22,19,19,19,0,19,6
53,22,27,19,19,108,19,19,0,19,4
53,22,25,22,22,19,18,18,0,18,6
53,22,27,21,21,19,19,19,0,19,5
53,21,25,20,20,108,19,19,0,19,5
53,19,26,22,22,19,19,19,0,19,5
53,22,25,21,21,18,18,18,0,18,5
53,19,26,21,21,18,18,18,0,18,5
53,22,25,19,19,19,19,19,0,19,5
54,23,28,21,21,19,19,19,0,19,5
54,21,28,20,20,110,19,19,0,19,5
54,20,27,20,20,18,18,18,0,18,5
54,21,26,22,22,110,20,20,0,20,5
54,20,28,21,21,19,19,19,0,19,5
54,21,25,23,23,19,19,19,0,19,5
54,21,26,21,21,20,19,19,0,19,5
54,23,25,21,21,19,19,19,0,19,5
54,22,26,21,21,20,20,20,0,20,5
54,20,24,22,22,19,19,19,0,19,5
55,22,27,22,22,19,19,19,0,19,5
55,24,25,23,23,112,20,20,0,20,5
55,20,29,22,22,112,20,20,0,20,5
55,22,27,21,21,20,20,20,0,20,5
55,21,27,21,21,20,19,19,0,19,5
55,23,26,20,20,20,20,20,0,20,5
55,21,28,22,22,112,20,20,0,20,5
55,22,27,22,22,112,19,19,0,19,5
55,22,26,22,22,19,19,19,0,19,5
55,21,25,22,21,19,19,19,0,19,5
56,22,26,23,23,20,19,19,0,19,6
56,22,27,22,22,20,20,20,0,20,5
56,21,28,22,22,20,20,20,0,20,6
56,22,26,22,22,20,19,19,0,19,6
56,22,24,21,21,20,20,20,0,20,5
56,25,30,22,22,20,20,20,0,20,6
56,21,28,23,23,19,19,19,0,19,6
56,21,23,21,21,20,20,20,0,20,5
56,21,29,22,22,20,20,20,0,20,5
56,22,28,22,22,20,20,20,0,20,5
57,23,25,23,23,20,20,20,0,20,6
57,23,25,21,21,19,19,19,0,19,5
57,23,28,23,23,116,20,20,0,20,5
57,22,27,22,22,21,21,21,0,21,5
57,22,27,23,23,21,20,20,0,20,5
57,22,26,23,23,20,20,20,0,20,5
57,25,26,24,23,116,20,20,0,20,5
57,25,26,21,21,20,20,20,0,20,5
57,22,30,23,23,20,20,20,0,20,4
57,21,26,23,23,116,20,20,0,20,5
58,22,28,23,23,118,20,20,0,20,5
58,21,26,21,21,118,20,20,0,20,5
58,23,28,22,22,118,21,21,0,21,6
58,24,30,22,22,21,20,20,0,20,6
58,22,27,24,23,118,20,20,0,20,5
58,23,28,23,22,20,20,20,0,20,6
58,22,28,24,24,118,20,20,0,20,5
58,24,29,24,24,21,21,21,0,21,6
58,24,28,23,23,118,21,21,0,21,5
58,23,29,24,23,21,20,20,0,20,6
59,25,25,22,22,22,21,21,0,21,6
59,23,27,23,23,21,21,21,0,21,6
59,22,28,23,23,20,20,20,0,20,6
59,22,26,22,22,21,20,20,0,20,5
59,23,29,23,23,120,20,20,0,20,5
59,23,26,22,22,20,20,20,0,20,6
59,24,29,23,23,20,20,20,0,20,5
59,22,28,24,24,21,20,20,0,20,5
59,24,29,23,23,120,21,21,0,21,5
59,25,25,23,23,21,21,21,0,21,6
60,24,28,24,24,22,22,22,0,22,6
60,22,30,23,23,122,21,21,0,21,6
60,24,30,25,25,22,20,20,0,20,6
60,22,30,24,24,20,20,20,0,20,5
60,25,29,23,23,21,20,20,0,20,5
60,24,31,26,26,122,21,21,0,21,5
60,23,29,24,24,21,21,21,0,21,5
60,23,28,23,23,122,21,21,0,21,6
60,23,27,23,23,20,20,20,0,20,6
60,24,30,24,24,22,21,21,0,21,5
61,23,28,23,23,21,21,21,0,21,5
61,23,29,23,23,21,21,21,0,21,6
61,25,28,24,24,21,21,21,0,21,6
61,24,29,24,24,21,21,21,0,21,6
61,24,30,23,23,22,21,21,0,21,6
61,22,29,23,23,21,21,21,0,21,5
61,24,30,25,25,21,21,21,0,21,6
61,24,30,24,24,124,22,22,0,22,5
61,22,29,25,25,124,21,21,0,21,5
61,24,33,22,22,21,21,21,0,21,5
62,26,32,24,24,23,23,23,0,23,6
62,24,30,25,25,21,21,21,0,21,6
62,25,31,25,25,22,22,22,0,22,5
62,25,31,24,25,22,21,21,0,21,6
62,23,27,24,24,21,21,21,0,21,6
62,25,30,25,25,21,21,21,0,21,5
62,24,30,23,23,21,21,21,0,21,6
62,26,33,25,25,126,23,23,0,23,5
62,25,27,24,24,22,21,21,0,21,6
62,26,26,25,25,126,22,22,0,22,5
63,25,31,26,26,128,23,23,0,23,6
63,26,31,25,25,128,23,23,0,23,5
63,25,35,26,26,23,23,23,0,23,6
63,26,30,24,24,128,22,22,0,22,5
63,27,34,26,26,22,22,22,0,22,6
63,24,29,25,25,128,22,22,0,22,5
63,25,29,24,24,22,22,22,0,22,6
63,24,31,25,25,128,23,23,0,23,6
63,24,31,25,25,23,22,22,0,22,6
63,24,31,23,23,23,23,23,0,23,6
64,26,30,26,26,130,23,23,0,23,6
64,24,28,24,24,22,22,22,0,22,5
64,27,32,26,26,130,24,24,0,24,5
64,26,29,24,24,130,23,23,0,23,6
64,26,33,25,25,23,23,23,0,23,6
64,26,32,25,25,130,23,23,0,23,5
64,26,31,25,25,130,23,23,0,23,5
64,24,29,25,25,130,22,22,0,22,6
64,24,30,24,24,22,22,22,0,22,6
64,26,34,25,25,130,23,23,0,23,6
65,27,32,27,27,23,23,23,0,23,6
65,27,29,27,27,23,22,22,0,22,6
65,29,31,24,24,23,23,23,0,23,6
65,26,31,26,26,132,23,23,0,23,6
65,26,31,26,26,132,23,23,0,23,6
65,26,30,27,26,132,24,24,0,24,6
65,24,33,26,26,23,22,22,0,22,6
65,23,32,28,28,23,22,22,0,22,6
65,24,30,27,27,23,23,23,0,23,6
65,27,31,24,24,132,23,23,0,23,5
66,25,34,26,26,23,23,23,0,23,6
66,29,32,28,27,23,23,23,0,23,6
66,26,31,26,26,134,25,25,0,25,6
66,25,30,25,25,24,23,23,0,23,6
66,27,30,27,25,23,23,23,0,23,6
66,25,34,28,28,23,23,23,0,23,6
66,27,32,27,27,23,23,23,0,23,7
66,26,31,26,26,134,24,24,0,24,6
66,25,34,26,26,134,23,23,0,23,6
66,27,35,27,28,24,24,24,0,24,6
67,26,35,26,26,23,23,23,0,23,6
67,28,34,26,26,136,24,24,0,24,6
67,27,36,28,28,136,24,24,0,24,6
67,25,32,26,26,136,24,24,0,24,6
67,30,35,27,27,136,24,24,0,24,6
67,26,31,25,25,24,23,23,0,23,6
67,26,34,26,26,136,24,24,0,24,6
67,26,35,28,28,23,23,23,0,23,6
67,26,30,26,26,23,23,23,0,23,6
67,26,34,28,28,23,23,23,0,23,6
68,29,34,28,28,24,24,24,0,24,6
68,30,31,27,27,138,25,25,0,25,6
68,27,31,27,27,138,24,24,0,24,7
68,28,32,29,29,138,24,24,0,24,6
68,29,32,27,25,138,24,24,0,24,7
68,26,33,25,25,24,24,24,0,24,6
68,26,33,27,27,138,24,24,0,24,6
68,28,34,28,28,138,25,25,0,25,6
68,25,33,27,27,138,25,25,0,25,5
68,26,32,27,27,138,24,24,0,24,6
69,29,33,28,28,140,25,25,0,25,7
69,27,32,25,25,23,23,23,0,23,6
69,27,35,28,28,140,25,25,0,25,6
69,28,33,27,27,24,24,24,0,24,6
69,28,32,27,27,140,24,24,0,24,7
69,27,30,27,27,23,23,23,0,23,6
69,27,35,29,29,140,24,24,0,24,6
69,27,34,25,25,24,24,24,0,24,6
69,27,33,27,27,140,24,24,0,24,6
69,27,32,27,27,24,24,24,0,24,6
70,28,34,27,27,142,25,25,0,25,6
70,29,37,28,28,25,24,24,0,24,6
70,29,35,28,29,142,25,25,0,25,6
70,26,33,28,28,25,24,24,0,24,6
70,28,34,27,27,24,24,24,0,24,5
70,28,31,26,26,24,24,24,0,24,7
70,27,35,29,29,25,25,25,0,25,7
70,28,32,27,27,142,24,24,0,24,6
70,28,32,26,26,24,24,24,0,24,6
70,29,34,27,27,142,26,26,0,26,7
71,28,32,27,27,25,24,24,0,24,6
71,28,34,29,29,144,25,25,0,25,6
71,30,34,28,28,25,25,25,0,25,6
71,27,33,28,27,25,24,24,0,24,7
71,29,36,28,28,144,26,26,0,26,6
71,27,35,29,29,144,26,26,0,26,6
71,28,32,28,28,144,25,25,0,25,6
71,28,37,28,28,25,25,25,0,25,7
71,31,34,29,29,144,25,25,0,25,6
71,30,35,28,28,24,24,24,0,24,7
72,30,36,27,27,26,26,26,0,26,6
72,28,32,29,29,146,25,25,0,25,6
72,29,35,27,27,24,24,24,0,24,6
72,29,35,29,29,146,25,25,0,25,6
72,28,37,28,28,25,25,25,0,25,7
72,29,35,29,29,146,25,25,0,25,6
72,28,37,28,28,146,25,25,0,25,7
72,30,35,28,28,24,24,24,0,24,7
72,30,37,28,28,146,26,26,0,26,6
72,29,36,30,30,25,25,25,0,25,6
73,30,36,28,28,26,26,26,0,26,7
73,30,34,28,28,148,25,25,0,25,6
73,30,33,29,29,26,26,26,0,26,7
73,29,35,29,29,148,25,25,0,25,6
73,29,33,29,29,25,25,25,0,25,6
73,31,36,28,28,25,25,25,0,25,7
73,27,37,28,28,25,25,25,0,25,6
73,30,36,27,27,148,26,26,0,26,6
73,28,38,28,28,148,26,26,0,26,6
73,29,36,31,31,25,25,25,0,25,6
74,28,35,28,28,27,26,26,0,26,7
74,29,35,30,30,150,25,25,0,25,6
74,30,37,31,31,150,26,26,0,26,6
74,31,35,28,28,25,25,25,0,25,6
74,29,36,29,29,25,25,25,0,25,6
74,29,36,28,28,150,26,26,0,26,8
74,28,34,29,29,150,26,26,0,26,6
74,31,36,29,29,26,25,25,0,25,7
74,30,34,28,28,150,27,27,0,27,7
74,26,36,30,30,26,25,25,0,25,7
75,31,39,31,30,26,26,26,0,26,7
75,29,35,30,30,152,27,27,0,27,6
75,30,34,29,29,27,26,26,0,26,8
75,30,35,29,29,25,25,25,0,25,7
75,28,36,30,30,26,25,25,0,25,7
75,29,35,31,31,26,25,25,0,25,7
75,28,37,29,29,152,26,26,0,26,6
75,28,37,30,30,152,26,26,0,26,7
75,28,38,30,30,152,27,27,0,27,6
75,28,37,31,30,27,26,26,0,26,7
76,30,36,30,30,26,26,26,0,26,8
76,31,35,29,29,154,27,27,0,27,6
76,32,38,31,31,154,28,28,0,28,6
76,28,36,30,30,26,26,26,0,26,7
76,32,36,29,29,28,27,27,0,27,7
76,30,34,28,28,154,26,26,0,26,7
76,30,37,30,30,27,27,27,0,27,7
76,30,38,32,32,154,27,27,0,27,7
76,33,34,31,31,154,28,28,0,28,7
76,32,38,30,30,154,28,28,0,28,7
77,29,38,31,31,27,26,26,0,26,7
77,31,36,30,30,156,27,27,0,27,6
77,31,40,30,29,156,28,28,0,28,7
77,29,37,31,31,26,26,26,0,26,7
77,29,39,30,30,27,26,26,0,26,7
77,29,39,31,31,26,26,26,0,26,7
77,31,34,33,32,156,28,28,0,28,7
77,28,39,32,32,156,27,27,0,27,6
77,28,38,30,30,26,26,26,0,26,7
77,31,38,31,31,156,28,28,0,28,7
78,31,38,31,31,27,26,26,0,26,7
78,29,37,31,31,27,27,27,0,27,8
78,31,36,31,31,158,27,27,0,27,6
78,31,37,31,31,28,28,28,0,28,7
78,31,34,31,31,27,26,26,0,26,8
78,29,37,31,31,27,27,27,0,27,7
78,30,35,29,29,158,27,27,0,27,8
78,32,37,32,32,158,28,28,0,28,6
78,30,39,32,31,158,28,28,0,28,7
78,33,38,31,31,158,27,27,0,27,6
79,31,36,31,31,160,28,28,0,28,7
79,31,38,32,32,160,27,27,0,27,7
79,32,34,32,32,160,29,29,0,29,7
79,32,40,31,31,27,27,27,0,27,7
79,31,37,31,31,28,28,28,0,28,7
79,32,41,29,29,27,27,27,0,27,7
79,33,38,31,31,160,28,28,0,28,8
79,30,39,31,31,27,27,27,0,27,7
79,33,41,32,32,160,27,27,0,27,7
79,31,38,31,31,160,28,28,0,28,7
80,31,39,29,29,27,27,27,0,27,7
80,31,40,32,32,28,28,28,0,28,7
80,31,37,30,30,28,27,27,0,27,8
80,30,38,32,32,28,27,27,0,27,7
80,31,38,32,31,28,28,28,0,28,8
80,33,39,31,31,162,28,28,0,28,7
80,33,38,33,32,162,30,30,0,30,6
80,30,37,31,30,28,27,27,0,27,8
80,31,40,30,30,27,27,27,0,27,7
80,30,38,32,32,28,27,27,0,27,7
81,32,39,31,31,28,28,28,0,28,7
81,31,37,31,31,29,28,28,0,28,7
81,31,40,32,32,164,28,28,0,28,6
81,31,39,30,30,28,27,27,0,27,8
81,31,39,31,30,29,28,28,0,28,7
81,32,39,32,32,164,29,29,0,29,7
81,32,41,32,32,29,28,28,0,28,8
81,32,40,32,32,164,29,29,0,29,7
81,31,38,30,30,164,28,28,0,28,8
81,29,42,33,33,28,27,27,0,27,8
82,30,41,33,33,29,28,28,0,28,7
82,32,41,33,33,166,28,28,0,28,7
82,32,44,32,32,29,28,28,0,28,7
82,30,37,32,32,28,28,28,0,28,7
82,33,42,32,32,166,28,28,0,28,7
82,32,43,31,31,166,28,28,0,28,7
82,32,38,31,30,166,28,28,0,28,7
82,32,38,31,31,29,28,28,0,28,8
82,33,39,31,31,166,29,29,0,29,6
82,32,39,35,34,166,29,29,0,29,7
83,35,41,31,31,29,28,28,0,28,7
83,32,38,34,34,168,30,30,0,30,7
83,33,40,33,32,168,30,30,0,30,7
83,34,42,34,33,168,30,30,0,30,7
83,33,41,33,33,168,29,29,0,29,7
83,32,38,33,33,168,29,29,0,29,7
83,34,36,34,33,29,29,29,0,29,7
83,32,37,33,33,28,28,28,0,28,7
83,34,41,34,34,168,29,29,0,29,7
83,33,37,32,33,168,29,29,0,29,8
84,34,38,34,32,29,28,28,0,28,8
84,33,39,32,32,170,30,30,0,30,8
84,32,41,36,35,29,29,29,0,29,7
84,34,44,33,33,170,29,29,0,29,7
84,33,40,33,33,170,29,29,0,29,7
84,34,39,34,34,170,31,31,0,31,6
84,35,41,33,32,170,29,29,0,29,7
84,33,42,33,33,170,29,29,0,29,8
84,34,43,33,33,29,29,29,0,29,7
84,33,38,32,32,29,28,28,0,28,8
85,33,42,33,33,172,30,30,0,30,6
85,35,41,35,35,172,31,31,0,31,8
85,34,41,32,32,30,30,30,0,30,8
85,33,42,33,33,30,29,29,0,29,8
85,35,43,34,34,172,30,30,0,30,7
85,34,40,36,36,172,31,31,0,31,7
85,32,37,34,33,29,29,29,0,29,8
85,35,44,35,37,172,31,31,0,31,8
85,33,38,33,33,29,29,29,0,29,7
85,33,41,34,34,172,30,30,0,30,7
86,34,43,34,34,174,30,30,0,30,8
86,37,42,35,35,174,30,30,0,30,7
86,36,45,34,34,29,29,29,0,29,7
86,34,41,34,34,174,30,30,0,30,8
86,33,43,34,34,174,30,30,0,30,7
86,32,41,35,35,30,30,30,0,30,7
86,36,42,35,35,174,30,30,0,30,7
86,36,45,35,35,31,30,30,0,30,8
86,35,42,34,34,174,31,31,0,31,8
86,34,40,34,33,174,30,30,0,30,7
87,33,40,34,34,30,30,30,0,30,7
87,35,42,32,32,176,30,30,0,30,8
87,34,39,33,33,176,30,30,0,30,7
87,34,40,35,35,176,30,30,0,30,8
87,36,44,35,35,176,31,31,0,31,7
87,34,46,35,35,176,30,30,0,30,8
87,32,42,35,35,176,31,31,0,31,8
87,35,39,34,34,176,31,31,0,31,7
87,34,39,35,35,176,31,31,0,31,7
87,36,45,38,37,30,30,30,0,30,8
88,35,43,35,34,31,30,30,0,30,8
88,36,44,35,35,178,32,32,0,32,9
88,35,40,33,33,30,30,30,0,30,7
88,33,44,33,33,31,30,30,0,30,8
88,35,44,34,34,30,30,30,0,30,7
88,33,43,35,34,178,30,30,0,30,8
88,35,43,35,35,178,31,31,0,31,7
88,33,43,35,34,30,30,30,0,30,8
88,36,44,35,34,178,30,30,0,30,7
88,36,43,36,36,178,32,32,0,32,7
89,35,45,35,35,180,32,32,0,32,8
89,35,42,36,36,31,30,30,0,30,8
89,34,46,36,36,32,32,32,0,32,7
89,33,43,36,36,180,30,30,0,30,8
89,36,40,33,33,31,30,30,0,30,8
89,35,40,35,35,180,31,31,0,31,7
89,35,42,35,34,180,30,30,0,30,8
89,35,46,34,34,31,31,31,0,31,8
89,36,42,38,37,180,32,32,0,32,8
89,35,42,36,35,180,32,32,0,32,7
90,36,42,36,36,31,31,31,0,31,9
90,39,45,35,35,182,31,31,0,31,8
90,36,42,35,35,182,31,31,0,31,8
90,35,42,35,35,31,31,31,0,31,8
90,38,45,34,34,182,32,32,0,32,7
90,35,46,34,34,182,32,32,0,32,8
90,37,47,36,36,182,32,32,0,32,8
90,36,45,35,35,182,31,31,0,31,8
90,36,45,36,36,182,31,31,0,31,8
90,35,42,35,35,182,31,31,0,31,8
91,37,44,35,35,184,31,31,0,31,8
91,37,45,35,34,184,32,32,0,32,8
91,38,46,36,35,33,33,33,0,33,9
91,35,44,36,36,32,32,32,0,32,9
91,36,46,35,35,184,32,32,0,32,8
91,37,39,35,36,184,32,32,0,32,8
91,37,45,36,36,32,31,31,0,31,8
91,35,42,36,36,31,31,31,0,31,8
91,36,49,36,36,32,32,32,0,32,8
91,40,43,37,37,184,32,32,0,32,7
92,34,41,34,34,31,31,31,0,31,8
92,36,44,37,37,186,33,33,0,33,7
92,38,45,37,37,32,32,32,0,32,8
92,37,46,36,36,32,32,32,0,32,8
92,37,44,37,37,31,31,31,0,31,8
92,38,44,35,35,186,32,32,0,32,8
92,36,42,35,35,186,32,32,0,32,8
92,36,45,36,36,186,33,33,0,33,8
92,36,49,35,36,186,33,33,0,33,8
92,36,44,37,37,31,31,31,0,31,8
93,38,48,38,39,188,32,32,0,32,8
93,36,46,37,37,32,32,32,0,32,8
93,34,44,36,36,188,32,32,0,32,8
93,35,41,37,37,188,33,33,0,33,7
93,34,47,37,37,188,33,33,0,33,7
93,38,43,36,36,188,32,32,0,32,9
93,34,43,38,38,32,32,32,0,32,8
93,37,42,38,38,188,32,32,0,32,8
93,37,48,36,36,33,33,33,0,33,8
93,35,45,37,35,32,32,32,0,32,8
94,40,44,36,36,32,32,32,0,32,9
94,39,43,36,36,190,32,32,0,32,8
94,37,47,36,35,190,32,32,0,32,8
94,37,48,40,40,190,32,32,0,32,8
94,38,41,35,35,190,33,33,0,33,8
94,37,49,35,35,190,32,32,0,32,8
94,38,44,36,36,190,33,33,0,33,9
94,36,47,36,36,33,32,32,0,32,8
94,40,47,40,39,190,33,33,0,33,6
94,35,50,37,37,32,32,32,0,32,8
95,39,46,37,37,192,34,34,0,34,8
95,37,45,35,35,33,33,33,0,33,8
95,38,46,36,36,192,33,33,0,33,9
95,38,45,37,36,192,33,33,0,33,8
95,36,45,38,38,192,33,33,0,33,8
95,38,45,36,36,33,33,33,0,33,8
95,36,43,38,38,33,33,33,0,33,9
95,38,51,37,37,192,34,34,0,34,8
95,38,50,37,37,33,33,33,0,33,9
95,36,42,35,35,33,32,32,0,32,8
96,40,44,39,38,34,33,33,0,33,9
96,37,46,38,38,194,35,35,0,35,8
96,39,47,37,37,194,33,33,0,33,9
96,38,49,40,40,194,33,33,0,33,9
96,41,47,39,39,194,33,33,0,33,7
96,36,45,38,38,194,33,33,0,33,8
96,38,42,35,35,194,34,34,0,34,8
96,36,44,39,39,194,33,33,0,33,8
96,40,50,38,38,194,34,34,0,34,7
96,39,46,40,39,194,34,34,0,34,9
97,36,47,40,40,196,33,33,0,33,8
97,38,49,38,39,196,34,34,0,34,9
97,39,46,40,39,33,33,33,0,33,8
97,38,44,39,39,196,34,34,0,34,9
97,40,48,39,39,196,34,34,0,34,7
97,39,46,40,40,196,34,34,0,34,8
97,40,50,38,38,196,33,33,0,33,9
97,38,48,37,37,33,33,33,0,33,8
97,39,46,39,39,196,34,34,0,34,8
97,39,44,38,38,33,33,33,0,33,9
98,38,50,38,38,34,33,33,0,33,9
98,38,46,39,39,198,35,35,0,35,7
98,38,49,37,37,198,34,34,0,34,9
98,36,46,37,37,198,33,33,0,33,9
98,38,49,38,38,198,36,36,0,36,8
98,39,49,38,38,34,33,33,0,33,7
98,40,45,40,40,198,35,35,0,35,8
98,37,47,36,36,34,34,34,0,34,9
98,39,46,39,39,198,34,34,0,34,9
98,39,43,38,38,198,34,34,0,34,9
99,39,51,40,40,200,35,35,0,35,8
99,37,47,39,39,34,34,34,0,34,9
99,38,48,39,39,200,34,34,0,34,9
99,39,53,39,39,200,34,34,0,34,9
99,41,47,42,42,200,35,35,0,35,9
99,38,45,37,37,200,35,35,0,35,8
99,41,45,38,38,34,33,33,0,33,9
99,39,47,39,39,200,35,35,0,35,9
99,39,47,41,41,200,34,34,0,34,9
99,37,50,38,38,200,34,34,0,34,8
100,39,51,40,39,34,34,34,0,34,9
100,39,47,38,38,202,34,34,0,34,8
100,39,48,40,39,34,34,34,0,34,9
100,37,51,42,41,202,34,34,0,34,9
100,41,50,40,40,202,35,35,0,35,8
100,39,49,40,40,34,34,34,0,34,9
100,42,50,39,39,202,34,34,0,34,9
100,40,48,40,39,35,35,35,0,35,8
100,41,47,39,39,202,35,35,0,35,8
100,39,50,39,39,202,35,35,0,35,9
150,58,75,58,58,302,52,52,0,52,12
150,61,76,59,59,302,53,53,0,53,13
150,59,77,59,59,302,53,53,0,53,13
150,59,73,60,60,302,52,52,0,52,12
150,60,72,60,60,302,52,52,0,52,12
150,59,73,61,61,302,51,51,0,51,12
150,59,73,60,60,302,53,53,0,53,12
150,60,72,58,58,302,52,52,0,52,12
150,60,75,61,61,302,52,52,0,52,12
150,61,74,56,56,302,52,52,0,52,12
200,78,96,79,78,402,69,69,0,69,16
200,81,103,79,79,402,70,70,0,70,16
200,78,100,82,81,402,70,70,0,70,16
200,81,96,76,76,68,68,68,0,68,17
200,79,95,81,81,402,69,69,0,69,17
200,79,101,82,80,402,70,70,0,70,16
200,78,98,83,83,402,68,68,0,68,16
200,82,98,81,81,0,69,69,0,69,16
200,81,100,80,80,0,70,70,0,70,16
200,81,104,81,80,0,68,68,0,68,15
200,82,98,78,78,0,70,70,0,70,17
200,78,96,82,81,0,70,70,0,70,16
200,77,103,77,78,0,68,68,0,68,17
200,77,101,77,77,0,68,68,0,68,16
200,79,93,78,78,0,70,70,0,70,17
200,81,97,79,79,0,70,70,0,70,16
200,79,94,78,78,0,70,70,0,70,18
250,100,123,99,99,0,87,87,0,87,19
250,100,122,100,98,0,87,87,0,87,21
250,102,126,98,98,0,87,87,0,87,19
250,96,113,98,98,0,84,84,0,84,21
250,98,118,99,99,0,86,86,0,86,20
250,96,122,97,97,0,86,86,0,86,20
250,100,123,95,94,0,85,85,0,85,19
250,100,121,102,100,0,86,86,0,86,20
250,99,128,101,100,0,88,88,0,88,20
250,97,127,98,98,0,87,87,0,87,20
300,116,148,119,120,0,105,105,0,105,23
300,118,150,120,119,0,106,106,0,106,24
300,122,153,122,121,0,105,105,0,105,23
300,116,145,116,114,0,103,103,0,103,24
300,116,146,118,118,0,105,105,0,105,24
300,117,144,119,118,0,106,106,0,106,23
300,120,152,120,121,0,104,104,0,104,25
300,118,143,118,116,0,104,104,0,104,24
300,116,143,115,115,0,103,103,0,103,24
300,120,139,115,115,0,103,103,0,103,23
350,144,172,140,140,0,124,124,0,124,26
350,135,172,139,138,0,121,121,0,121,28
350,138,171,142,141,0,121,121,0,121,28
350,141,166,139,138,0,122,122,0,122,27
350,141,178,141,141,0,122,122,0,122,29
350,138,169,139,138,0,122,122,0,122,27
350,137,168,140,140,0,122,122,0,122,27
350,140,172,137,137,0,118,118,0,118,28
350,140,168,141,141,0,122,122,0,122,27
350,139,172,138,136,0,120,120,0,120,28
400,157,188,157,157,0,138,138,0,138,32
400,159,200,157,157,0,138,138,0,138,30
400,163,203,159,160,0,140,140,0,140,32
400,155,195,159,161,0,138,138,0,138,31
400,157,197,160,160,0,138,138,0,138,32
400,155,190,159,159,0,137,137,0,137,33
400,160,198,162,160,0,139,139,0,139,32
400,158,199,161,161,0,138,138,0,138,33
400,157,198,158,158,0,139,139,0,139,32
400,156,199,154,154,0,137,137,0,137,32
450,172,224,177,176,0,155,155,0,155,37
450,176,221,171,171,0,156,156,0,156,35
450,181,220,179,179,0,157,157,0,157,33
450,181,216,179,179,0,156,156,0,156,34
450,179,232,180,180,0,156,156,0,156,36
450,176,223,183,183,0,158,158,0,158,34
450,175,225,173,173,0,155,155,0,155,36
450,178,216,174,174,0,154,154,0,154,36
450,174,220,176,175,0,159,159,0,159,34
450,179,224,176,176,0,154,154,0,154,37
500,196,246,193,193,0,176,176,0,176,38
500,196,248,197,197,0,174,174,0,174,39
500,197,245,196,196,0,173,173,0,173,40
500,198,256,198,197,0,172,172,0,172,39
500,197,248,198,198,0,172,172,0,172,41
500,199,244,209,206,0,175,175,0,175,40
500,197,244,197,197,0,172,172,0,172,39
500,195,246,198,196,0,173,173,0,173,40
500,197,258,205,201,0,176,176,0,176,39
500,195,239,194,194,0,174,174,0,174,42
550,222,267,220,220,0,192,192,0,192,41
550,219,268,218,218,0,194,194,0,194,45
550,220,275,223,221,0,191,191,0,191,41
550,212,266,219,216,0,189,189,0,189,44
550,215,270,218,220,0,192,192,0,192,42
550,218,280,213,213,0,193,193,0,193,44
550,216,269,220,219,0,193,193,0,193,44
550,221,277,217,216,0,194,194,0,194,41
550,218,277,219,219,0,189,189,0,189,43
550,222,277,222,222,0,192,192,0,192,43
550,222,270,217,215,0,190,190,0,190,44
550,215,258,214,213,0,191,191,0,191,41
550,214,270,219,217,0,193,193,0,193,42
550,221,279,220,220,0,194,194,0,194,42
600,233,293,245,242,0,207,207,0,207,46
600,239,289,237,237,0,208,208,0,208,48
600,236,290,238,238,0,206,206,0,206,49
600,237,300,240,237,0,209,209,0,209,45
600,241,298,233,232,0,210,210,0,210,47
600,239,293,235,232,0,208,208,0,208,49
600,239,293,240,238,0,210,210,0,210,48
600,237,293,234,234,0,207,207,0,207,46
600,234,303,242,242,0,208,208,0,208,46
600,236,293,240,240,0,208,208,0,208,46
650,255,325,258,256,0,223,223,0,223,52
650,253,325,259,256,0,227,227,0,227,55
650,255,325,259,259,0,226,226,0,226,50
650,259,314,257,255,0,224,224,0,224,52
650,259,322,260,260,0,227,227,0,227,52
650,260,328,259,258,0,226,226,0,226,53
650,262,325,257,254,0,225,225,0,225,52
650,256,316,265,263,0,224,224,0,224,50
650,255,319,261,259,0,227,227,0,227,50
650,254,311,259,257,0,223,223,0,223,50
700,270,338,281,281,0,241,241,0,241,55
700,276,349,276,274,0,244,244,0,244,54
700,277,346,272,272,0,244,244,0,244,55
700,278,346,279,278,0,242,242,0,242,56
700,274,349,275,273,0,240,240,0,240,55
700,272,348,278,274,0,241,241,0,241,55
700,271,355,279,280,0,240,240,0,240,57
700,282,342,274,274,0,245,245,0,245,55
700,275,348,282,283,0,244,244,0,0,57
700,284,341,281,280,0,0,0,0,248,0
750,293,364,292,292,0,0,261,0,0,54
750,293,363,293,292,0,0,258,0,0,59
750,297,376,296,297,0,0,261,0,0,59
750,296,370,295,295,0,0,262,0,0,58
750,299,364,304,303,0,0,258,0,0,58
750,297,367,299,299,0,0,258,0,0,62
750,298,375,298,295,0,0,259,0,0,59
750,302,379,295,295,0,0,263,0,0,60
750,298,367,299,299,0,0,259,0,0,61
750,302,373,303,302,0,0,263,0,0,58
800,314,397,318,318,0,0,276,0,0,63
800,316,390,318,318,0,0,278,0,0,61
800,308,394,315,314,0,0,274,0,0,63
800,315,392,318,317,0,0,275,0,0,62
800,314,389,311,311,0,0,275,0,0,64
800,310,390,310,307,0,0,277,0,0,64
800,315,406,318,316,0,0,277,0,0,62
800,320,386,312,313,0,0,279,0,0,60
800,314,389,316,316,0,0,275,0,0,63
800,323,392,321,321,0,0,276,0,0,64
850,332,421,336,335,0,0,296,0,0,64
850,329,434,333,332,0,0,296,0,0,65
850,341,418,339,338,0,0,295,0,0,68
850,337,420,334,333,0,0,293,0,0,66
850,328,411,334,333,0,0,293,0,0,68
850,339,430,341,339,0,0,295,0,0,69
850,343,417,336,336,0,0,296,0,0,66
850,332,407,341,341,0,0,292,0,0,70
850,336,426,332,332,0,0,293,0,0,67
850,339,421,342,342,0,0,298,0,0,66
900,362,455,358,357,0,0,316,0,0,70
900,359,449,360,356,0,0,315,0,0,70
900,358,444,356,355,0,0,312,0,0,70
900,356,451,355,351,0,0,310,0,0,72
900,349,448,354,352,0,0,312,0,0,71
900,361,454,358,357,0,0,313,0,0,72
900,354,442,360,359,0,0,309,0,0,71
900,358,442,353,352,0,0,312,0,0,67
900,360,446,355,354,0,0,312,0,0,72
900,351,445,355,356,0,0,311,0,0,69
950,371,462,377,375,0,0,331,0,0,73
950,375,465,385,383,0,0,332,0,0,75
950,373,477,373,373,0,0,330,0,0,73
950,371,465,375,375,0,0,328,0,0,75
950,366,477,378,376,0,0,326,0,0,74
950,381,465,377,377,0,0,334,0,0,74
950,375,475,378,376,0,0,330,0,0,72
950,377,470,378,377,0,0,328,0,0,76
950,375,459,371,369,0,0,327,0,0,74
950,381,468,374,374,0,0,334,0,0,73
1000,393,487,396,396,0,0,343,0,0,81
1000,398,493,399,399,0,0,348,0,0,76
1000,401,484,401,395,0,0,348,0,0,76
1000,391,486,392,392,0,0,344,0,0,78
1000,389,488,396,396,0,0,343,0,0,80
1000,397,497,394,394,0,0,346,0,0,78
1000,396,501,396,396,0,0,345,0,0,78
1000,389,507,392,389,0,0,349,0,0,79
1000,400,485,400,399,0,0,350,0,0,77
1000,399,490,399,397,0,0,344,0,0,80
